Year;Age_group;Births
1973;18 år;1381.0
1974;18 år;1297.0
1975;18 år;1408.0
1976;18 år;1229.0
1977;18 år;1163.0
1978;18 år;1074.0
1979;18 år;963.0
1980;18 år;925.0
1981;18 år;740.0
1982;18 år;655.0
1983;18 år;595.0
1984;18 år;583.0
1985;18 år;486.0
1986;18 år;498.0
1987;18 år;455.0
1988;18 år;466.0
1989;18 år;462.0
1990;18 år;494.0
1991;18 år;479.0
1992;18 år;462.0
1993;18 år;446.0
1994;18 år;405.0
1995;18 år;364.0
1996;18 år;314.0
1997;18 år;365.0
1998;18 år;296.0
1999;18 år;275.0
2000;18 år;270.0
2001;18 år;271.0
2002;18 år;254.0
2003;18 år;218.0
2004;18 år;222.0
2005;18 år;215.0
2006;18 år;247.0
2007;18 år;249.0
2008;18 år;268.0
2009;18 år;252.0
2010;18 år;215.0
2011;18 år;211.0
2012;18 år;231.0
2013;18 år;196.0
2014;18 år;149.0
2015;18 år;145.0
2016;18 år;176.0
2017;18 år;133.0
2018;18 år;120.0
2019;18 år;75.0
2020;18 år;72.0
2021;18 år;61.0
2022;18 år;43.0
2023;18 år;45.0
2024;18 år;37.0
2025;18 år;39.0
1973;19 år;2264.0
1974;19 år;2350.0
1975;19 år;2431.0
1976;19 år;2109.0
1977;19 år;2072.0
1978;19 år;1902.0
1979;19 år;1734.0
1980;19 år;1605.0
1981;19 år;1515.0
1982;19 år;1332.0
1983;19 år;1187.0
1984;19 år;1167.0
1985;19 år;1112.0
1986;19 år;986.0
1987;19 år;982.0
1988;19 år;834.0
1989;19 år;878.0
1990;19 år;837.0
1991;19 år;861.0
1992;19 år;928.0
1993;19 år;818.0
1994;19 år;859.0
1995;19 år;830.0
1996;19 år;734.0
1997;19 år;729.0
1998;19 år;655.0
1999;19 år;656.0
2000;19 år;621.0
2001;19 år;607.0
2002;19 år;520.0
2003;19 år;491.0
2004;19 år;441.0
2005;19 år;455.0
2006;19 år;497.0
2007;19 år;496.0
2008;19 år;531.0
2009;19 år;501.0
2010;19 år;484.0
2011;19 år;436.0
2012;19 år;404.0
2013;19 år;422.0
2014;19 år;370.0
2015;19 år;357.0
2016;19 år;357.0
2017;19 år;284.0
2018;19 år;242.0
2019;19 år;227.0
2020;19 år;177.0
2021;19 år;132.0
2022;19 år;131.0
2023;19 år;126.0
2024;19 år;123.0
2025;19 år;116.0
1973;20 år;3267.0
1974;20 år;3364.0
1975;20 år;3552.0
1976;20 år;3163.0
1977;20 år;3058.0
1978;20 år;2744.0
1979;20 år;2601.0
1980;20 år;2498.0
1981;20 år;2134.0
1982;20 år;2068.0
1983;20 år;1851.0
1984;20 år;1738.0
1985;20 år;1672.0
1986;20 år;1683.0
1987;20 år;1558.0
1988;20 år;1420.0
1989;20 år;1308.0
1990;20 år;1397.0
1991;20 år;1257.0
1992;20 år;1321.0
1993;20 år;1252.0
1994;20 år;1245.0
1995;20 år;1224.0
1996;20 år;1237.0
1997;20 år;996.0
1998;20 år;978.0
1999;20 år;928.0
2000;20 år;926.0
2001;20 år;849.0
2002;20 år;744.0
2003;20 år;721.0
2004;20 år;633.0
2005;20 år;673.0
2006;20 år;651.0
2007;20 år;709.0
2008;20 år;833.0
2009;20 år;815.0
2010;20 år;747.0
2011;20 år;681.0
2012;20 år;643.0
2013;20 år;586.0
2014;20 år;589.0
2015;20 år;557.0
2016;20 år;563.0
2017;20 år;537.0
2018;20 år;467.0
2019;20 år;398.0
2020;20 år;310.0
2021;20 år;280.0
2022;20 år;271.0
2023;20 år;233.0
2024;20 år;227.0
2025;20 år;200.0
1973;21 år;4293.0
1974;21 år;4431.0
1975;21 år;4474.0
1976;21 år;3853.0
1977;21 år;3666.0
1978;21 år;3580.0
1979;21 år;3353.0
1980;21 år;3159.0
1981;21 år;2911.0
1982;21 år;2691.0
1983;21 år;2525.0
1984;21 år;2498.0
1985;21 år;2512.0
1986;21 år;2355.0
1987;21 år;2222.0
1988;21 år;2240.0
1989;21 år;1990.0
1990;21 år;1947.0
1991;21 år;1769.0
1992;21 år;1791.0
1993;21 år;1791.0
1994;21 år;1697.0
1995;21 år;1607.0
1996;21 år;1630.0
1997;21 år;1446.0
1998;21 år;1361.0
1999;21 år;1262.0
2000;21 år;1141.0
2001;21 år;1217.0
2002;21 år;1028.0
2003;21 år;986.0
2004;21 år;858.0
2005;21 år;896.0
2006;21 år;863.0
2007;21 år;965.0
2008;21 år;1043.0
2009;21 år;983.0
2010;21 år;1066.0
2011;21 år;881.0
2012;21 år;935.0
2013;21 år;853.0
2014;21 år;804.0
2015;21 år;841.0
2016;21 år;920.0
2017;21 år;819.0
2018;21 år;728.0
2019;21 år;599.0
2020;21 år;530.0
2021;21 år;530.0
2022;21 år;458.0
2023;21 år;348.0
2024;21 år;353.0
2025;21 år;331.0
1973;22 år;5056.0
1974;22 år;5027.0
1975;22 år;5314.0
1976;22 år;4626.0
1977;22 år;4368.0
1978;22 år;4319.0
1979;22 år;4061.0
1980;22 år;3730.0
1981;22 år;3399.0
1982;22 år;3249.0
1983;22 år;3082.0
1984;22 år;2966.0
1985;22 år;2900.0
1986;22 år;3160.0
1987;22 år;2949.0
1988;22 år;2962.0
1989;22 år;3018.0
1990;22 år;2589.0
1991;22 år;2421.0
1992;22 år;2340.0
1993;22 år;2232.0
1994;22 år;2279.0
1995;22 år;2156.0
1996;22 år;2033.0
1997;22 år;2007.0
1998;22 år;1823.0
1999;22 år;1672.0
2000;22 år;1646.0
2001;22 år;1531.0
2002;22 år;1398.0
2003;22 år;1247.0
2004;22 år;1217.0
2005;22 år;1152.0
2006;22 år;1191.0
2007;22 år;1120.0
2008;22 år;1276.0
2009;22 år;1255.0
2010;22 år;1324.0
2011;22 år;1181.0
2012;22 år;1228.0
2013;22 år;1108.0
2014;22 år;1128.0
2015;22 år;1194.0
2016;22 år;1234.0
2017;22 år;1209.0
2018;22 år;1065.0
2019;22 år;969.0
2020;22 år;815.0
2021;22 år;749.0
2022;22 år;687.0
2023;22 år;636.0
2024;22 år;529.0
2025;22 år;497.0
1973;23 år;5616.0
1974;23 år;5737.0
1975;23 år;5656.0
1976;23 år;5183.0
1977;23 år;4879.0
1978;23 år;4760.0
1979;23 år;4590.0
1980;23 år;4416.0
1981;23 år;3922.0
1982;23 år;3826.0
1983;23 år;3392.0
1984;23 år;3465.0
1985;23 år;3553.0
1986;23 år;3533.0
1987;23 år;3565.0
1988;23 år;3598.0
1989;23 år;3728.0
1990;23 år;3590.0
1991;23 år;3285.0
1992;23 år;3050.0
1993;23 år;2804.0
1994;23 år;2751.0
1995;23 år;2877.0
1996;23 år;2672.0
1997;23 år;2488.0
1998;23 år;2413.0
1999;23 år;2322.0
2000;23 år;2145.0
2001;23 år;2028.0
2002;23 år;1897.0
2003;23 år;1771.0
2004;23 år;1630.0
2005;23 år;1536.0
2006;23 år;1490.0
2007;23 år;1433.0
2008;23 år;1647.0
2009;23 år;1585.0
2010;23 år;1634.0
2011;23 år;1606.0
2012;23 år;1556.0
2013;23 år;1537.0
2014;23 år;1587.0
2015;23 år;1570.0
2016;23 år;1694.0
2017;23 år;1727.0
2018;23 år;1555.0
2019;23 år;1419.0
2020;23 år;1228.0
2021;23 år;1071.0
2022;23 år;1003.0
2023;23 år;982.0
2024;23 år;857.0
2025;23 år;855.0
1973;24 år;6221.0
1974;24 år;6048.0
1975;24 år;5984.0
1976;24 år;5218.0
1977;24 år;5015.0
1978;24 år;5207.0
1979;24 år;4929.0
1980;24 år;4664.0
1981;24 år;4410.0
1982;24 år;4108.0
1983;24 år;3875.0
1984;24 år;3874.0
1985;24 år;4076.0
1986;24 år;4059.0
1987;24 år;4095.0
1988;24 år;4304.0
1989;24 år;4389.0
1990;24 år;4586.0
1991;24 år;4398.0
1992;24 år;3964.0
1993;24 år;3726.0
1994;24 år;3593.0
1995;24 år;3541.0
1996;24 år;3397.0
1997;24 år;3183.0
1998;24 år;2929.0
1999;24 år;2925.0
2000;24 år;2782.0
2001;24 år;2525.0
2002;24 år;2460.0
2003;24 år;2230.0
2004;24 år;2214.0
2005;24 år;1995.0
2006;24 år;2095.0
2007;24 år;1958.0
2008;24 år;2092.0
2009;24 år;2001.0
2010;24 år;2159.0
2011;24 år;2086.0
2012;24 år;2078.0
2013;24 år;2056.0
2014;24 år;2146.0
2015;24 år;2180.0
2016;24 år;2238.0
2017;24 år;2283.0
2018;24 år;2207.0
2019;24 år;2069.0
2020;24 år;1811.0
2021;24 år;1737.0
2022;24 år;1489.0
2023;24 år;1349.0
2024;24 år;1384.0
2025;24 år;1285.0
1973;25 år;6505.0
1974;25 år;6085.0
1975;25 år;6094.0
1976;25 år;5550.0
1977;25 år;5116.0
1978;25 år;5439.0
1979;25 år;4997.0
1980;25 år;4763.0
1981;25 år;4546.0
1982;25 år;4591.0
1983;25 år;4316.0
1984;25 år;4336.0
1985;25 år;4479.0
1986;25 år;4534.0
1987;25 år;4553.0
1988;25 år;4731.0
1989;25 år;4967.0
1990;25 år;5182.0
1991;25 år;5265.0
1992;25 år;5243.0
1993;25 år;4511.0
1994;25 år;4350.0
1995;25 år;4247.0
1996;25 år;4025.0
1997;25 år;3994.0
1998;25 år;3777.0
1999;25 år;3554.0
2000;25 år;3686.0
2001;25 år;3450.0
2002;25 år;3014.0
2003;25 år;3008.0
2004;25 år;2955.0
2005;25 år;2920.0
2006;25 år;2731.0
2007;25 år;2642.0
2008;25 år;2575.0
2009;25 år;2676.0
2010;25 år;2552.0
2011;25 år;2592.0
2012;25 år;2554.0
2013;25 år;2543.0
2014;25 år;2631.0
2015;25 år;2811.0
2016;25 år;3029.0
2017;25 år;2886.0
2018;25 år;2945.0
2019;25 år;2792.0
2020;25 år;2723.0
2021;25 år;2556.0
2022;25 år;2265.0
2023;25 år;2025.0
2024;25 år;1787.0
2025;25 år;1829.0
1973;26 år;6571.0
1974;26 år;5959.0
1975;26 år;5850.0
1976;26 år;5277.0
1977;26 år;4937.0
1978;26 år;5059.0
1979;26 år;4971.0
1980;26 år;4880.0
1981;26 år;4419.0
1982;26 år;4393.0
1983;26 år;4381.0
1984;26 år;4474.0
1985;26 år;4582.0
1986;26 år;4670.0
1987;26 år;4808.0
1988;26 år;4951.0
1989;26 år;5203.0
1990;26 år;5427.0
1991;26 år;5505.0
1992;26 år;5970.0
1993;26 år;5759.0
1994;26 år;5385.0
1995;26 år;4899.0
1996;26 år;4645.0
1997;26 år;4689.0
1998;26 år;4643.0
1999;26 år;4515.0
2000;26 år;4343.0
2001;26 år;4217.0
2002;26 år;4016.0
2003;26 år;3850.0
2004;26 år;3733.0
2005;26 år;3574.0
2006;26 år;3611.0
2007;26 år;3356.0
2008;26 år;3346.0
2009;26 år;3147.0
2010;26 år;3231.0
2011;26 år;3086.0
2012;26 år;3148.0
2013;26 år;3079.0
2014;26 år;3308.0
2015;26 år;3395.0
2016;26 år;3644.0
2017;26 år;3735.0
2018;26 år;3632.0
2019;26 år;3666.0
2020;26 år;3524.0
2021;26 år;3569.0
2022;26 år;3055.0
2023;26 år;2852.0
2024;26 år;2508.0
2025;26 år;2600.0
1973;27 år;6007.0
1974;27 år;6040.0
1975;27 år;5624.0
1976;27 år;4836.0
1977;27 år;4555.0
1978;27 år;4650.0
1979;27 år;4469.0
1980;27 år;4432.0
1981;27 år;4259.0
1982;27 år;4124.0
1983;27 år;4188.0
1984;27 år;4246.0
1985;27 år;4405.0
1986;27 år;4478.0
1987;27 år;4603.0
1988;27 år;5094.0
1989;27 år;5152.0
1990;27 år;5396.0
1991;27 år;5704.0
1992;27 år;6021.0
1993;27 år;6146.0
1994;27 år;6285.0
1995;27 år;5704.0
1996;27 år;5052.0
1997;27 år;5125.0
1998;27 år;5022.0
1999;27 år;5198.0
2000;27 år;5126.0
2001;27 år;4860.0
2002;27 år;4862.0
2003;27 år;4724.0
2004;27 år;4434.0
2005;27 år;4316.0
2006;27 år;4352.0
2007;27 år;4222.0
2008;27 år;4010.0
2009;27 år;3905.0
2010;27 år;3862.0
2011;27 år;3604.0
2012;27 år;3538.0
2013;27 år;3547.0
2014;27 år;3808.0
2015;27 år;3829.0
2016;27 år;4303.0
2017;27 år;4280.0
2018;27 år;4217.0
2019;27 år;4344.0
2020;27 år;4159.0
2021;27 år;4359.0
2022;27 år;4084.0
2023;27 år;3692.0
2024;27 år;3443.0
2025;27 år;3398.0
1973;28 år;5101.0
1974;28 år;5205.0
1975;28 år;5296.0
1976;28 år;4630.0
1977;28 år;4277.0
1978;28 år;4232.0
1979;28 år;4087.0
1980;28 år;3943.0
1981;28 år;3724.0
1982;28 år;3921.0
1983;28 år;3908.0
1984;28 år;3906.0
1985;28 år;4186.0
1986;28 år;4305.0
1987;28 år;4323.0
1988;28 år;4681.0
1989;28 år;5011.0
1990;28 år;5235.0
1991;28 år;5477.0
1992;28 år;5997.0
1993;28 år;6036.0
1994;28 år;6330.0
1995;28 år;6302.0
1996;28 år;5742.0
1997;28 år;5420.0
1998;28 år;5258.0
1999;28 år;5273.0
2000;28 år;5628.0
2001;28 år;5560.0
2002;28 år;5204.0
2003;28 år;5410.0
2004;28 år;5319.0
2005;28 år;4831.0
2006;28 år;4962.0
2007;28 år;4777.0
2008;28 år;4695.0
2009;28 år;4327.0
2010;28 år;4511.0
2011;28 år;3954.0
2012;28 år;4086.0
2013;28 år;3850.0
2014;28 år;4010.0
2015;28 år;4425.0
2016;28 år;4751.0
2017;28 år;4836.0
2018;28 år;4831.0
2019;28 år;4871.0
2020;28 år;5027.0
2021;28 år;5158.0
2022;28 år;4559.0
2023;28 år;4599.0
2024;28 år;4276.0
2025;28 år;4402.0
1973;29 år;4198.0
1974;29 år;4208.0
1975;29 år;4583.0
1976;29 år;4118.0
1977;29 år;3760.0
1978;29 år;3704.0
1979;29 år;3617.0
1980;29 år;3480.0
1981;29 år;3251.0
1982;29 år;3517.0
1983;29 år;3443.0
1984;29 år;3511.0
1985;29 år;3717.0
1986;29 år;3839.0
1987;29 år;4127.0
1988;29 år;4361.0
1989;29 år;4642.0
1990;29 år;4978.0
1991;29 år;5108.0
1992;29 år;5493.0
1993;29 år;5752.0
1994;29 år;6106.0
1995;29 år;6303.0
1996;29 år;6055.0
1997;29 år;5675.0
1998;29 år;5338.0
1999;29 år;5378.0
2000;29 år;5612.0
2001;29 år;5892.0
2002;29 år;5528.0
2003;29 år;5523.0
2004;29 år;5601.0
2005;29 år;5676.0
2006;29 år;5236.0
2007;29 år;5265.0
2008;29 år;5222.0
2009;29 år;5043.0
2010;29 år;4816.0
2011;29 år;4464.0
2012;29 år;4372.0
2013;29 år;4210.0
2014;29 år;4398.0
2015;29 år;4509.0
2016;29 år;4908.0
2017;29 år;5069.0
2018;29 år;5270.0
2019;29 år;5191.0
2020;29 år;5338.0
2021;29 år;5460.0
2022;29 år;5173.0
2023;29 år;4984.0
2024;29 år;5117.0
2025;29 år;5224.0
1973;30 år;3367.0
1974;30 år;3482.0
1975;30 år;3708.0
1976;30 år;3587.0
1977;30 år;3406.0
1978;30 år;3295.0
1979;30 år;3083.0
1980;30 år;2948.0
1981;30 år;2829.0
1982;30 år;2908.0
1983;30 år;2976.0
1984;30 år;3118.0
1985;30 år;3174.0
1986;30 år;3522.0
1987;30 år;3579.0
1988;30 år;3788.0
1989;30 år;3960.0
1990;30 år;4315.0
1991;30 år;4344.0
1992;30 år;4969.0
1993;30 år;5057.0
1994;30 år;5505.0
1995;30 år;5653.0
1996;30 år;5797.0
1997;30 år;5748.0
1998;30 år;5441.0
1999;30 år;5198.0
2000;30 år;5337.0
2001;30 år;5213.0
2002;30 år;5549.0
2003;30 år;5554.0
2004;30 år;5665.0
2005;30 år;5776.0
2006;30 år;5829.0
2007;30 år;5234.0
2008;30 år;5234.0
2009;30 år;5154.0
2010;30 år;5060.0
2011;30 år;4571.0
2012;30 år;4372.0
2013;30 år;4267.0
2014;30 år;4332.0
2015;30 år;4543.0
2016;30 år;4869.0
2017;30 år;4910.0
2018;30 år;4958.0
2019;30 år;5118.0
2020;30 år;5358.0
2021;30 år;5576.0
2022;30 år;5296.0
2023;30 år;5400.0
2024;30 år;5255.0
2025;30 år;5534.0
1973;31 år;2535.0
1974;31 år;2791.0
1975;31 år;2879.0
1976;31 år;2815.0
1977;31 år;2861.0
1978;31 år;2858.0
1979;31 år;2670.0
1980;31 år;2490.0
1981;31 år;2306.0
1982;31 år;2395.0
1983;31 år;2364.0
1984;31 år;2663.0
1985;31 år;2775.0
1986;31 år;2978.0
1987;31 år;3104.0
1988;31 år;3304.0
1989;31 år;3487.0
1990;31 år;3680.0
1991;31 år;3848.0
1992;31 år;4319.0
1993;31 år;4518.0
1994;31 år;4811.0
1995;31 år;5101.0
1996;31 år;5109.0
1997;31 år;5389.0
1998;31 år;5180.0
1999;31 år;5186.0
2000;31 år;4961.0
2001;31 år;4882.0
2002;31 år;4931.0
2003;31 år;5389.0
2004;31 år;5384.0
2005;31 år;5375.0
2006;31 år;5707.0
2007;31 år;5371.0
2008;31 år;5162.0
2009;31 år;5173.0
2010;31 år;5159.0
2011;31 år;4666.0
2012;31 år;4363.0
2013;31 år;4313.0
2014;31 år;4146.0
2015;31 år;4330.0
2016;31 år;4706.0
2017;31 år;4729.0
2018;31 år;4817.0
2019;31 år;4948.0
2020;31 år;5239.0
2021;31 år;5531.0
2022;31 år;5119.0
2023;31 år;5170.0
2024;31 år;5174.0
2025;31 år;5493.0
1973;32 år;1957.0
1974;32 år;2024.0
1975;32 år;2179.0
1976;32 år;2117.0
1977;32 år;2176.0
1978;32 år;2280.0
1979;32 år;2256.0
1980;32 år;2198.0
1981;32 år;1944.0
1982;32 år;1966.0
1983;32 år;1941.0
1984;32 år;1996.0
1985;32 år;2388.0
1986;32 år;2455.0
1987;32 år;2543.0
1988;32 år;2739.0
1989;32 år;2996.0
1990;32 år;3094.0
1991;32 år;3203.0
1992;32 år;3538.0
1993;32 år;3678.0
1994;32 år;4028.0
1995;32 år;4275.0
1996;32 år;4377.0
1997;32 år;4693.0
1998;32 år;4693.0
1999;32 år;4614.0
2000;32 år;4767.0
2001;32 år;4338.0
2002;32 år;4421.0
2003;32 år;4684.0
2004;32 år;5023.0
2005;32 år;5115.0
2006;32 år;5089.0
2007;32 år;5058.0
2008;32 år;5103.0
2009;32 år;4601.0
2010;32 år;4780.0
2011;32 år;4416.0
2012;32 år;4323.0
2013;32 år;4004.0
2014;32 år;3924.0
2015;32 år;4120.0
2016;32 år;4174.0
2017;32 år;4271.0
2018;32 år;4466.0
2019;32 år;4618.0
2020;32 år;4646.0
2021;32 år;5006.0
2022;32 år;4748.0
2023;32 år;4702.0
2024;32 år;4805.0
2025;32 år;5087.0
1973;33 år;1586.0
1974;33 år;1541.0
1975;33 år;1644.0
1976;33 år;1673.0
1977;33 år;1603.0
1978;33 år;1815.0
1979;33 år;1831.0
1980;33 år;1823.0
1981;33 år;1644.0
1982;33 år;1615.0
1983;33 år;1630.0
1984;33 år;1667.0
1985;33 år;1876.0
1986;33 år;1931.0
1987;33 år;2128.0
1988;33 år;2264.0
1989;33 år;2463.0
1990;33 år;2512.0
1991;33 år;2714.0
1992;33 år;2991.0
1993;33 år;3073.0
1994;33 år;3354.0
1995;33 år;3505.0
1996;33 år;3622.0
1997;33 år;3803.0
1998;33 år;3969.0
1999;33 år;4208.0
2000;33 år;4226.0
2001;33 år;3965.0
2002;33 år;3840.0
2003;33 år;3950.0
2004;33 år;4289.0
2005;33 år;4471.0
2006;33 år;4441.0
2007;33 år;4500.0
2008;33 år;4690.0
2009;33 år;4371.0
2010;33 år;4275.0
2011;33 år;4076.0
2012;33 år;3975.0
2013;33 år;3773.0
2014;33 år;3621.0
2015;33 år;3654.0
2016;33 år;3723.0
2017;33 år;3767.0
2018;33 år;3910.0
2019;33 år;4023.0
2020;33 år;3988.0
2021;33 år;4434.0
2022;33 år;4060.0
2023;33 år;4199.0
2024;33 år;4379.0
2025;33 år;4641.0
1973;34 år;1276.0
1974;34 år;1252.0
1975;34 år;1204.0
1976;34 år;1245.0
1977;34 år;1222.0
1978;34 år;1303.0
1979;34 år;1378.0
1980;34 år;1371.0
1981;34 år;1317.0
1982;34 år;1321.0
1983;34 år;1303.0
1984;34 år;1339.0
1985;34 år;1417.0
1986;34 år;1535.0
1987;34 år;1631.0
1988;34 år;1816.0
1989;34 år;2009.0
1990;34 år;2127.0
1991;34 år;2240.0
1992;34 år;2363.0
1993;34 år;2428.0
1994;34 år;2800.0
1995;34 år;2967.0
1996;34 år;2867.0
1997;34 år;3042.0
1998;34 år;3287.0
1999;34 år;3326.0
2000;34 år;3706.0
2001;34 år;3551.0
2002;34 år;3343.0
2003;34 år;3431.0
2004;34 år;3552.0
2005;34 år;3556.0
2006;34 år;3920.0
2007;34 år;3975.0
2008;34 år;4140.0
2009;34 år;3968.0
2010;34 år;3957.0
2011;34 år;3553.0
2012;34 år;3427.0
2013;34 år;3266.0
2014;34 år;3391.0
2015;34 år;3238.0
2016;34 år;3344.0
2017;34 år;3204.0
2018;34 år;3390.0
2019;34 år;3390.0
2020;34 år;3542.0
2021;34 år;3733.0
2022;34 år;3561.0
2023;34 år;3648.0
2024;34 år;3778.0
2025;34 år;4152.0
1973;35 år;970.0
1974;35 år;983.0
1975;35 år;845.0
1976;35 år;956.0
1977;35 år;951.0
1978;35 år;935.0
1979;35 år;1018.0
1980;35 år;1027.0
1981;35 år;1033.0
1982;35 år;1100.0
1983;35 år;1026.0
1984;35 år;1126.0
1985;35 år;1146.0
1986;35 år;1232.0
1987;35 år;1295.0
1988;35 år;1461.0
1989;35 år;1580.0
1990;35 år;1626.0
1991;35 år;1769.0
1992;35 år;1828.0
1993;35 år;2001.0
1994;35 år;2140.0
1995;35 år;2280.0
1996;35 år;2298.0
1997;35 år;2430.0
1998;35 år;2518.0
1999;35 år;2797.0
2000;35 år;2826.0
2001;35 år;2978.0
2002;35 år;3037.0
2003;35 år;2890.0
2004;35 år;2904.0
2005;35 år;2983.0
2006;35 år;3078.0
2007;35 år;3387.0
2008;35 år;3334.0
2009;35 år;3230.0
2010;35 år;3468.0
2011;35 år;3128.0
2012;35 år;2881.0
2013;35 år;2812.0
2014;35 år;2958.0
2015;35 år;2996.0
2016;35 år;2948.0
2017;35 år;2935.0
2018;35 år;2870.0
2019;35 år;2908.0
2020;35 år;2947.0
2021;35 år;3336.0
2022;35 år;2954.0
2023;35 år;3000.0
2024;35 år;3218.0
2025;35 år;3407.0