Year;Civil_status;Age;Number
1971;Unmarried;18;34581
1971;Unmarried;19;30865
1971;Unmarried;20;27503
1971;Unmarried;21;21460
1971;Unmarried;22;17414
1971;Unmarried;23;13529
1971;Unmarried;24;10791
1971;Unmarried;25;8093
1971;Unmarried;26;6202
1971;Unmarried;27;4772
1971;Unmarried;28;3944
1971;Unmarried;29;2935
1971;Unmarried;30;2568
1971;Unmarried;31;2309
1971;Unmarried;32;2164
1971;Unmarried;33;1966
1971;Unmarried;34;1906
1971;Unmarried;35;1846
1971;Married;18;1765
1971;Married;19;4784
1971;Married;20;9837
1971;Married;21;15566
1971;Married;22;21471
1971;Married;23;27630
1971;Married;24;31379
1971;Married;25;32808
1971;Married;26;32787
1971;Married;27;31328
1971;Married;28;29994
1971;Married;29;27472
1971;Married;30;27152
1971;Married;31;26181
1971;Married;32;26462
1971;Married;33;26201
1971;Married;34;25502
1971;Married;35;24724
1972;Unmarried;18;35134
1972;Unmarried;19;32164
1972;Unmarried;20;27152
1972;Unmarried;21;23066
1972;Unmarried;22;17358
1972;Unmarried;23;13795
1972;Unmarried;24;10994
1972;Unmarried;25;8845
1972;Unmarried;26;6847
1972;Unmarried;27;5393
1972;Unmarried;28;4205
1972;Unmarried;29;3543
1972;Unmarried;30;2683
1972;Unmarried;31;2358
1972;Unmarried;32;2167
1972;Unmarried;33;2052
1972;Unmarried;34;1848
1972;Unmarried;35;1826
1972;Married;18;1429
1972;Married;19;3995
1972;Married;20;8366
1972;Married;21;14129
1972;Married;22;19404
1972;Married;23;24637
1972;Married;24;29736
1972;Married;25;32884
1972;Married;26;33577
1972;Married;27;33241
1972;Married;28;31618
1972;Married;29;30162
1972;Married;30;27525
1972;Married;31;27172
1972;Married;32;26160
1972;Married;33;26413
1972;Married;34;26141
1972;Married;35;25414
1973;Unmarried;18;34735
1973;Unmarried;19;33030
1973;Unmarried;20;28788
1973;Unmarried;21;23219
1973;Unmarried;22;19158
1973;Unmarried;23;14353
1973;Unmarried;24;11494
1973;Unmarried;25;9281
1973;Unmarried;26;7608
1973;Unmarried;27;6023
1973;Unmarried;28;4770
1973;Unmarried;29;3804
1973;Unmarried;30;3227
1973;Unmarried;31;2497
1973;Unmarried;32;2199
1973;Unmarried;33;2057
1973;Unmarried;34;1944
1973;Unmarried;35;1766
1973;Married;18;1208
1973;Married;19;3600
1973;Married;20;7587
1973;Married;21;12368
1973;Married;22;17898
1973;Married;23;22119
1973;Married;24;26615
1973;Married;25;31119
1973;Married;26;33698
1973;Married;27;33960
1973;Married;28;33467
1973;Married;29;31682
1973;Married;30;30227
1973;Married;31;27395
1973;Married;32;27090
1973;Married;33;26022
1973;Married;34;26257
1973;Married;35;25996
1974;Unmarried;18;35133
1974;Unmarried;19;33024
1974;Unmarried;20;30158
1974;Unmarried;21;25316
1974;Unmarried;22;19860
1974;Unmarried;23;16291
1974;Unmarried;24;12320
1974;Unmarried;25;9856
1974;Unmarried;26;8129
1974;Unmarried;27;6713
1974;Unmarried;28;5425
1974;Unmarried;29;4342
1974;Unmarried;30;3519
1974;Unmarried;31;2970
1974;Unmarried;32;2349
1974;Unmarried;33;2090
1974;Unmarried;34;1961
1974;Unmarried;35;1866
1974;Married;18;1054
1974;Married;19;3013
1974;Married;20;6665
1974;Married;21;11097
1974;Married;22;15565
1974;Married;23;20540
1974;Married;24;23878
1974;Married;25;27877
1974;Married;26;31825
1974;Married;27;34222
1974;Married;28;34218
1974;Married;29;33457
1974;Married;30;31705
1974;Married;31;30130
1974;Married;32;27366
1974;Married;33;26960
1974;Married;34;25893
1974;Married;35;26096
1975;Unmarried;18;35456
1975;Unmarried;19;33453
1975;Unmarried;20;30214
1975;Unmarried;21;26569
1975;Unmarried;22;21785
1975;Unmarried;23;16792
1975;Unmarried;24;13849
1975;Unmarried;25;10452
1975;Unmarried;26;8514
1975;Unmarried;27;7085
1975;Unmarried;28;5995
1975;Unmarried;29;4875
1975;Unmarried;30;3957
1975;Unmarried;31;3269
1975;Unmarried;32;2764
1975;Unmarried;33;2211
1975;Unmarried;34;1981
1975;Unmarried;35;1875
1975;Married;18;960
1975;Married;19;2766
1975;Married;20;5933
1975;Married;21;10303
1975;Married;22;14470
1975;Married;23;18365
1975;Married;24;22634
1975;Married;25;25384
1975;Married;26;28838
1975;Married;27;32526
1975;Married;28;34639
1975;Married;29;34509
1975;Married;30;33633
1975;Married;31;31719
1975;Married;32;30108
1975;Married;33;27222
1975;Married;34;26835
1975;Married;35;25728
1976;Unmarried;18;34950
1976;Unmarried;19;33617
1976;Unmarried;20;30674
1976;Unmarried;21;26841
1976;Unmarried;22;22849
1976;Unmarried;23;18581
1976;Unmarried;24;14258
1976;Unmarried;25;11768
1976;Unmarried;26;8985
1976;Unmarried;27;7431
1976;Unmarried;28;6311
1976;Unmarried;29;5338
1976;Unmarried;30;4451
1976;Unmarried;31;3654
1976;Unmarried;32;3056
1976;Unmarried;33;2600
1976;Unmarried;34;2101
1976;Unmarried;35;1902
1976;Married;18;783
1976;Married;19;2557
1976;Married;20;5354
1976;Married;21;9043
1976;Married;22;13551
1976;Married;23;17233
1976;Married;24;20338
1976;Married;25;24162
1976;Married;26;26326
1976;Married;27;29456
1976;Married;28;32792
1976;Married;29;34772
1976;Married;30;34512
1976;Married;31;33582
1976;Married;32;31541
1976;Married;33;29917
1976;Married;34;27059
1976;Married;35;26629
1977;Unmarried;18;35113
1977;Unmarried;19;33591
1977;Unmarried;20;31355
1977;Unmarried;21;27716
1977;Unmarried;22;23593
1977;Unmarried;23;19910
1977;Unmarried;24;16068
1977;Unmarried;25;12213
1977;Unmarried;26;10309
1977;Unmarried;27;7925
1977;Unmarried;28;6661
1977;Unmarried;29;5699
1977;Unmarried;30;4887
1977;Unmarried;31;4149
1977;Unmarried;32;3423
1977;Unmarried;33;2913
1977;Unmarried;34;2479
1977;Unmarried;35;1999
1977;Married;18;712
1977;Married;19;2148
1977;Married;20;4979
1977;Married;21;8378
1977;Married;22;12109
1977;Married;23;16253
1977;Married;24;19343
1977;Married;25;22031
1977;Married;26;25284
1977;Married;27;27055
1977;Married;28;29914
1977;Married;29;33106
1977;Married;30;34897
1977;Married;31;34503
1977;Married;32;33534
1977;Married;33;31428
1977;Married;34;29808
1977;Married;35;26957
1978;Unmarried;18;34876
1978;Unmarried;19;33823
1978;Unmarried;20;31304
1978;Unmarried;21;28339
1978;Unmarried;22;24463
1978;Unmarried;23;20644
1978;Unmarried;24;17398
1978;Unmarried;25;13988
1978;Unmarried;26;10713
1978;Unmarried;27;9114
1978;Unmarried;28;7080
1978;Unmarried;29;6044
1978;Unmarried;30;5188
1978;Unmarried;31;4512
1978;Unmarried;32;3872
1978;Unmarried;33;3216
1978;Unmarried;34;2779
1978;Unmarried;35;2357
1978;Married;18;725
1978;Married;19;1985
1978;Married;20;4475
1978;Married;21;8007
1978;Married;22;11501
1978;Married;23;14851
1978;Married;24;18453
1978;Married;25;21090
1978;Married;26;23242
1978;Married;27;26170
1978;Married;28;27634
1978;Married;29;30302
1978;Married;30;33352
1978;Married;31;34997
1978;Married;32;34525
1978;Married;33;33531
1978;Married;34;31307
1978;Married;35;29734
1979;Unmarried;18;36241
1979;Unmarried;19;33890
1979;Unmarried;20;32076
1979;Unmarried;21;29009
1979;Unmarried;22;25549
1979;Unmarried;23;21885
1979;Unmarried;24;18343
1979;Unmarried;25;15389
1979;Unmarried;26;12447
1979;Unmarried;27;9590
1979;Unmarried;28;8254
1979;Unmarried;29;6490
1979;Unmarried;30;5552
1979;Unmarried;31;4875
1979;Unmarried;32;4241
1979;Unmarried;33;3650
1979;Unmarried;34;3062
1979;Unmarried;35;2676
1979;Married;18;596
1979;Married;19;1755
1979;Married;20;3812
1979;Married;21;6898
1979;Married;22;10628
1979;Married;23;13881
1979;Married;24;16907
1979;Married;25;20186
1979;Married;26;22309
1979;Married;27;24027
1979;Married;28;26746
1979;Married;29;27892
1979;Married;30;30525
1979;Married;31;33402
1979;Married;32;35016
1979;Married;33;34480
1979;Married;34;33412
1979;Married;35;31170
1980;Unmarried;18;36413
1980;Unmarried;19;35286
1980;Unmarried;20;32307
1980;Unmarried;21;29947
1980;Unmarried;22;26475
1980;Unmarried;23;23080
1980;Unmarried;24;19674
1980;Unmarried;25;16406
1980;Unmarried;26;13792
1980;Unmarried;27;11277
1980;Unmarried;28;8762
1980;Unmarried;29;7559
1980;Unmarried;30;5958
1980;Unmarried;31;5181
1980;Unmarried;32;4593
1980;Unmarried;33;4035
1980;Unmarried;34;3491
1980;Unmarried;35;2956
1980;Married;18;572
1980;Married;19;1561
1980;Married;20;3350
1980;Married;21;6044
1980;Married;22;9330
1980;Married;23;12979
1980;Married;24;15906
1980;Married;25;18564
1980;Married;26;21524
1980;Married;27;23216
1980;Married;28;24621
1980;Married;29;27181
1980;Married;30;28208
1980;Married;31;30592
1980;Married;32;33394
1980;Married;33;34888
1980;Married;34;34287
1980;Married;35;33258
1981;Unmarried;18;37083
1981;Unmarried;19;35563
1981;Unmarried;20;33848
1981;Unmarried;21;30444
1981;Unmarried;22;27622
1981;Unmarried;23;24008
1981;Unmarried;24;20884
1981;Unmarried;25;17710
1981;Unmarried;26;14865
1981;Unmarried;27;12560
1981;Unmarried;28;10362
1981;Unmarried;29;8110
1981;Unmarried;30;6971
1981;Unmarried;31;5589
1981;Unmarried;32;4878
1981;Unmarried;33;4333
1981;Unmarried;34;3868
1981;Unmarried;35;3364
1981;Married;18;541
1981;Married;19;1305
1981;Married;20;2959
1981;Married;21;5212
1981;Married;22;8151
1981;Married;23;11472
1981;Married;24;14884
1981;Married;25;17473
1981;Married;26;19745
1981;Married;27;22348
1981;Married;28;23763
1981;Married;29;24996
1981;Married;30;27421
1981;Married;31;28286
1981;Married;32;30536
1981;Married;33;33297
1981;Married;34;34638
1981;Married;35;34044
1982;Unmarried;18;39315
1982;Unmarried;19;36169
1982;Unmarried;20;34393
1982;Unmarried;21;32137
1982;Unmarried;22;28356
1982;Unmarried;23;25563
1982;Unmarried;24;21962
1982;Unmarried;25;18872
1982;Unmarried;26;16165
1982;Unmarried;27;13556
1982;Unmarried;28;11552
1982;Unmarried;29;9634
1982;Unmarried;30;7486
1982;Unmarried;31;6616
1982;Unmarried;32;5289
1982;Unmarried;33;4677
1982;Unmarried;34;4149
1982;Unmarried;35;3723
1982;Married;18;404
1982;Married;19;1184
1982;Married;20;2420
1982;Married;21;4610
1982;Married;22;7143
1982;Married;23;9916
1982;Married;24;13125
1982;Married;25;16401
1982;Married;26;18564
1982;Married;27;20594
1982;Married;28;22908
1982;Married;29;24106
1982;Married;30;25276
1982;Married;31;27372
1982;Married;32;28182
1982;Married;33;30375
1982;Married;34;33063
1982;Married;35;34320
1983;Unmarried;18;39710
1983;Unmarried;19;38530
1983;Unmarried;20;35257
1983;Unmarried;21;32927
1983;Unmarried;22;30314
1983;Unmarried;23;26423
1983;Unmarried;24;23556
1983;Unmarried;25;20062
1983;Unmarried;26;17287
1983;Unmarried;27;14904
1983;Unmarried;28;12549
1983;Unmarried;29;10788
1983;Unmarried;30;8913
1983;Unmarried;31;7078
1983;Unmarried;32;6303
1983;Unmarried;33;5054
1983;Unmarried;34;4473
1983;Unmarried;35;3989
1983;Married;18;366
1983;Married;19;954
1983;Married;20;2081
1983;Married;21;3898
1983;Married;22;6298
1983;Married;23;8804
1983;Married;24;11571
1983;Married;25;14741
1983;Married;26;17555
1983;Married;27;19384
1983;Married;28;21249
1983;Married;29;23217
1983;Married;30;24459
1983;Married;31;25294
1983;Married;32;27287
1983;Married;33;27996
1983;Married;34;30169
1983;Married;35;32768
1984;Unmarried;18;40918
1984;Unmarried;19;38915
1984;Unmarried;20;37754
1984;Unmarried;21;33957
1984;Unmarried;22;31175
1984;Unmarried;23;28208
1984;Unmarried;24;24372
1984;Unmarried;25;21477
1984;Unmarried;26;18330
1984;Unmarried;27;15817
1984;Unmarried;28;13651
1984;Unmarried;29;11518
1984;Unmarried;30;9889
1984;Unmarried;31;8374
1984;Unmarried;32;6705
1984;Unmarried;33;5955
1984;Unmarried;34;4811
1984;Unmarried;35;4284
1984;Married;18;325
1984;Married;19;865
1984;Married;20;1821
1984;Married;21;3471
1984;Married;22;5571
1984;Married;23;8206
1984;Married;24;10608
1984;Married;25;13341
1984;Married;26;16136
1984;Married;27;18662
1984;Married;28;20238
1984;Married;29;21856
1984;Married;30;23746
1984;Married;31;24608
1984;Married;32;25303
1984;Married;33;27327
1984;Married;34;27911
1984;Married;35;30111
1985;Unmarried;18;42406
1985;Unmarried;19;40102
1985;Unmarried;20;38231
1985;Unmarried;21;36484
1985;Unmarried;22;32188
1985;Unmarried;23;29121
1985;Unmarried;24;26007
1985;Unmarried;25;22093
1985;Unmarried;26;19458
1985;Unmarried;27;16672
1985;Unmarried;28;14406
1985;Unmarried;29;12530
1985;Unmarried;30;10500
1985;Unmarried;31;9291
1985;Unmarried;32;7868
1985;Unmarried;33;6339
1985;Unmarried;34;5677
1985;Unmarried;35;4584
1985;Married;18;302
1985;Married;19;863
1985;Married;20;1705
1985;Married;21;3182
1985;Married;22;5165
1985;Married;23;7459
1985;Married;24;10165
1985;Married;25;12568
1985;Married;26;15080
1985;Married;27;17478
1985;Married;28;19822
1985;Married;29;21023
1985;Married;30;22632
1985;Married;31;24042
1985;Married;32;24841
1985;Married;33;25394
1985;Married;34;27309
1985;Married;35;27849
1986;Unmarried;18;39325
1986;Unmarried;19;41646
1986;Unmarried;20;39482
1986;Unmarried;21;37096
1986;Unmarried;22;34561
1986;Unmarried;23;30160
1986;Unmarried;24;26982
1986;Unmarried;25;23801
1986;Unmarried;26;20084
1986;Unmarried;27;17741
1986;Unmarried;28;15167
1986;Unmarried;29;13267
1986;Unmarried;30;11355
1986;Unmarried;31;9806
1986;Unmarried;32;8732
1986;Unmarried;33;7442
1986;Unmarried;34;6024
1986;Unmarried;35;5408
1986;Married;18;336
1986;Married;19;797
1986;Married;20;1731
1986;Married;21;2990
1986;Married;22;5079
1986;Married;23;7114
1986;Married;24;9458
1986;Married;25;12186
1986;Married;26;14351
1986;Married;27;16557
1986;Married;28;18715
1986;Married;29;20753
1986;Married;30;22001
1986;Married;31;23054
1986;Married;32;24352
1986;Married;33;25014
1986;Married;34;25493
1986;Married;35;27281
1987;Unmarried;18;35895
1987;Unmarried;19;38678
1987;Unmarried;20;40952
1987;Unmarried;21;38370
1987;Unmarried;22;35302
1987;Unmarried;23;32449
1987;Unmarried;24;27932
1987;Unmarried;25;24580
1987;Unmarried;26;21660
1987;Unmarried;27;18251
1987;Unmarried;28;16103
1987;Unmarried;29;13875
1987;Unmarried;30;11977
1987;Unmarried;31;10608
1987;Unmarried;32;9205
1987;Unmarried;33;8217
1987;Unmarried;34;7030
1987;Unmarried;35;5739
1987;Married;18;443
1987;Married;19;832
1987;Married;20;1686
1987;Married;21;3040
1987;Married;22;4822
1987;Married;23;7134
1987;Married;24;9252
1987;Married;25;11674
1987;Married;26;14095
1987;Married;27;15969
1987;Married;28;17930
1987;Married;29;19753
1987;Married;30;21809
1987;Married;31;22487
1987;Married;32;23412
1987;Married;33;24637
1987;Married;34;25170
1987;Married;35;25525
1988;Unmarried;18;34537
1988;Unmarried;19;35263
1988;Unmarried;20;38042
1988;Unmarried;21;39933
1988;Unmarried;22;36735
1988;Unmarried;23;33165
1988;Unmarried;24;30085
1988;Unmarried;25;25466
1988;Unmarried;26;22377
1988;Unmarried;27;19681
1988;Unmarried;28;16579
1988;Unmarried;29;14744
1988;Unmarried;30;12504
1988;Unmarried;31;11190
1988;Unmarried;32;9933
1988;Unmarried;33;8629
1988;Unmarried;34;7766
1988;Unmarried;35;6667
1988;Married;18;439
1988;Married;19;911
1988;Married;20;1573
1988;Married;21;2887
1988;Married;22;4619
1988;Married;23;6794
1988;Married;24;9307
1988;Married;25;11474
1988;Married;26;13579
1988;Married;27;15781
1988;Married;28;17390
1988;Married;29;19036
1988;Married;30;20908
1988;Married;31;22339
1988;Married;32;22973
1988;Married;33;23745
1988;Married;34;24840
1988;Married;35;25351
1989;Unmarried;18;34576
1989;Unmarried;19;33635
1989;Unmarried;20;34469
1989;Unmarried;21;37024
1989;Unmarried;22;38184
1989;Unmarried;23;34578
1989;Unmarried;24;30881
1989;Unmarried;25;27395
1989;Unmarried;26;23024
1989;Unmarried;27;20129
1989;Unmarried;28;17862
1989;Unmarried;29;15046
1989;Unmarried;30;13219
1989;Unmarried;31;11604
1989;Unmarried;32;10468
1989;Unmarried;33;9319
1989;Unmarried;34;8126
1989;Unmarried;35;7353
1989;Married;18;481
1989;Married;19;848
1989;Married;20;1581
1989;Married;21;2577
1989;Married;22;4469
1989;Married;23;6515
1989;Married;24;8822
1989;Married;25;11607
1989;Married;26;13558
1989;Married;27;15458
1989;Married;28;17301
1989;Married;29;18642
1989;Married;30;20285
1989;Married;31;21492
1989;Married;32;22765
1989;Married;33;23319
1989;Married;34;23933
1989;Married;35;24981
1990;Unmarried;18;36316
1990;Unmarried;19;33809
1990;Unmarried;20;33276
1990;Unmarried;21;33773
1990;Unmarried;22;35622
1990;Unmarried;23;36292
1990;Unmarried;24;32357
1990;Unmarried;25;28388
1990;Unmarried;26;25001
1990;Unmarried;27;21025
1990;Unmarried;28;18315
1990;Unmarried;29;16283
1990;Unmarried;30;13439
1990;Unmarried;31;12351
1990;Unmarried;32;10859
1990;Unmarried;33;9802
1990;Unmarried;34;8760
1990;Unmarried;35;7686
1990;Married;18;440
1990;Married;19;917
1990;Married;20;1460
1990;Married;21;2505
1990;Married;22;3911
1990;Married;23;6221
1990;Married;24;8480
1990;Married;25;10967
1990;Married;26;13658
1990;Married;27;15197
1990;Married;28;16961
1990;Married;29;18520
1990;Married;30;20052
1990;Married;31;20847
1990;Married;32;21863
1990;Married;33;23151
1990;Married;34;23579
1990;Married;35;24118
1991;Unmarried;18;36893
1991;Unmarried;19;35534
1991;Unmarried;20;33399
1991;Unmarried;21;32709
1991;Unmarried;22;32684
1991;Unmarried;23;33994
1991;Unmarried;24;34072
1991;Unmarried;25;29799
1991;Unmarried;26;26041
1991;Unmarried;27;22903
1991;Unmarried;28;19168
1991;Unmarried;29;16680
1991;Unmarried;30;14568
1991;Unmarried;31;12560
1991;Unmarried;32;11548
1991;Unmarried;33;10214
1991;Unmarried;34;9268
1991;Unmarried;35;8298
1991;Married;18;457
1991;Married;19;818
1991;Married;20;1511
1991;Married;21;2336
1991;Married;22;3708
1991;Married;23;5511
1991;Married;24;8339
1991;Married;25;10827
1991;Married;26;13099
1991;Married;27;15551
1991;Married;28;16880
1991;Married;29;18386
1991;Married;30;20112
1991;Married;31;20671
1991;Married;32;21484
1991;Married;33;22302
1991;Married;34;23547
1991;Married;35;23875
1992;Unmarried;18;35073
1992;Unmarried;19;35983
1992;Unmarried;20;35220
1992;Unmarried;21;33086
1992;Unmarried;22;31742
1992;Unmarried;23;31280
1992;Unmarried;24;32078
1992;Unmarried;25;31473
1992;Unmarried;26;27474
1992;Unmarried;27;23870
1992;Unmarried;28;20931
1992;Unmarried;29;17589
1992;Unmarried;30;14797
1992;Unmarried;31;13630
1992;Unmarried;32;11824
1992;Unmarried;33;10870
1992;Unmarried;34;9643
1992;Unmarried;35;8773
1992;Married;18;483
1992;Married;19;968
1992;Married;20;1420
1992;Married;21;2297
1992;Married;22;3410
1992;Married;23;5167
1992;Married;24;7386
1992;Married;25;10786
1992;Married;26;13010
1992;Married;27;15078
1992;Married;28;17305
1992;Married;29;18269
1992;Married;30;20071
1992;Married;31;20918
1992;Married;32;21270
1992;Married;33;22064
1992;Married;34;22776
1992;Married;35;23927
1993;Unmarried;18;35177
1993;Unmarried;19;34210
1993;Unmarried;20;35749
1993;Unmarried;21;34930
1993;Unmarried;22;32234
1993;Unmarried;23;30497
1993;Unmarried;24;29529
1993;Unmarried;25;29806
1993;Unmarried;26;28981
1993;Unmarried;27;25047
1993;Unmarried;28;21750
1993;Unmarried;29;19187
1993;Unmarried;30;15596
1993;Unmarried;31;13830
1993;Unmarried;32;12744
1993;Unmarried;33;11120
1993;Unmarried;34;10266
1993;Unmarried;35;9152
1993;Married;18;503
1993;Married;19;912
1993;Married;20;1556
1993;Married;21;2159
1993;Married;22;3339
1993;Married;23;4696
1993;Married;24;6897
1993;Married;25;9570
1993;Married;26;13022
1993;Married;27;15205
1993;Married;28;17003
1993;Married;29;18883
1993;Married;30;20096
1993;Married;31;20805
1993;Married;32;21662
1993;Married;33;21788
1993;Married;34;22503
1993;Married;35;23118
1994;Unmarried;18;35806
1994;Unmarried;19;34336
1994;Unmarried;20;34082
1994;Unmarried;21;35554
1994;Unmarried;22;34179
1994;Unmarried;23;31110
1994;Unmarried;24;29088
1994;Unmarried;25;27749
1994;Unmarried;26;27624
1994;Unmarried;27;26662
1994;Unmarried;28;22975
1994;Unmarried;29;19982
1994;Unmarried;30;17115
1994;Unmarried;31;14570
1994;Unmarried;32;12923
1994;Unmarried;33;11976
1994;Unmarried;34;10510
1994;Unmarried;35;9708
1994;Married;18;436
1994;Married;19;920
1994;Married;20;1398
1994;Married;21;2261
1994;Married;22;3052
1994;Married;23;4557
1994;Married;24;6181
1994;Married;25;8670
1994;Married;26;11561
1994;Married;27;15128
1994;Married;28;17066
1994;Married;29;18597
1994;Married;30;20833
1994;Married;31;20884
1994;Married;32;21609
1994;Married;33;22249
1994;Married;34;22160
1994;Married;35;22944
1995;Unmarried;18;32304
1995;Unmarried;19;35047
1995;Unmarried;20;34257
1995;Unmarried;21;33896
1995;Unmarried;22;34882
1995;Unmarried;23;33053
1995;Unmarried;24;29644
1995;Unmarried;25;27201
1995;Unmarried;26;25623
1995;Unmarried;27;25211
1995;Unmarried;28;24258
1995;Unmarried;29;20874
1995;Unmarried;30;17537
1995;Unmarried;31;15775
1995;Unmarried;32;13451
1995;Unmarried;33;11977
1995;Unmarried;34;11143
1995;Unmarried;35;9877
1995;Married;18;309
1995;Married;19;822
1995;Married;20;1397
1995;Married;21;2056
1995;Married;22;3113
1995;Married;23;4248
1995;Married;24;6029
1995;Married;25;8030
1995;Married;26;10697
1995;Married;27;13870
1995;Married;28;17314
1995;Married;29;18906
1995;Married;30;20833
1995;Married;31;21953
1995;Married;32;21807
1995;Married;33;22319
1995;Married;34;22871
1995;Married;35;22715
1996;Unmarried;18;31164
1996;Unmarried;19;31769
1996;Unmarried;20;35038
1996;Unmarried;21;34294
1996;Unmarried;22;33411
1996;Unmarried;23;33791
1996;Unmarried;24;31650
1996;Unmarried;25;27776
1996;Unmarried;26;25243
1996;Unmarried;27;23517
1996;Unmarried;28;23015
1996;Unmarried;29;22081
1996;Unmarried;30;18335
1996;Unmarried;31;16293
1996;Unmarried;32;14626
1996;Unmarried;33;12579
1996;Unmarried;34;11268
1996;Unmarried;35;10461
1996;Married;18;253
1996;Married;19;718
1996;Married;20;1287
1996;Married;21;1988
1996;Married;22;2927
1996;Married;23;4354
1996;Married;24;5786
1996;Married;25;8054
1996;Married;26;10047
1996;Married;27;12883
1996;Married;28;16059
1996;Married;29;19467
1996;Married;30;21556
1996;Married;31;22095
1996;Married;32;23043
1996;Married;33;22700
1996;Married;34;23022
1996;Married;35;23541
1997;Unmarried;18;31239
1997;Unmarried;19;30593
1997;Unmarried;20;31647
1997;Unmarried;21;34904
1997;Unmarried;22;33692
1997;Unmarried;23;32444
1997;Unmarried;24;32392
1997;Unmarried;25;29726
1997;Unmarried;26;25763
1997;Unmarried;27;23073
1997;Unmarried;28;21331
1997;Unmarried;29;20821
1997;Unmarried;30;19410
1997;Unmarried;31;16965
1997;Unmarried;32;15001
1997;Unmarried;33;13573
1997;Unmarried;34;11734
1997;Unmarried;35;10583
1997;Married;18;308
1997;Married;19;700
1997;Married;20;1258
1997;Married;21;2002
1997;Married;22;2864
1997;Married;23;4103
1997;Married;24;5992
1997;Married;25;7797
1997;Married;26;10153
1997;Married;27;12278
1997;Married;28;15022
1997;Married;29;18099
1997;Married;30;22053
1997;Married;31;22823
1997;Married;32;23252
1997;Married;33;23999
1997;Married;34;23383
1997;Married;35;23615
1998;Unmarried;18;30088
1998;Unmarried;19;30731
1998;Unmarried;20;30407
1998;Unmarried;21;31528
1998;Unmarried;22;34443
1998;Unmarried;23;32794
1998;Unmarried;24;31088
1998;Unmarried;25;30584
1998;Unmarried;26;27758
1998;Unmarried;27;23695
1998;Unmarried;28;21026
1998;Unmarried;29;19334
1998;Unmarried;30;18414
1998;Unmarried;31;17867
1998;Unmarried;32;15701
1998;Unmarried;33;13984
1998;Unmarried;34;12703
1998;Unmarried;35;10992
1998;Married;18;278
1998;Married;19;730
1998;Married;20;1180
1998;Married;21;1857
1998;Married;22;2757
1998;Married;23;3931
1998;Married;24;5474
1998;Married;25;7856
1998;Married;26;9729
1998;Married;27;12160
1998;Married;28;14185
1998;Married;29;16872
1998;Married;30;20372
1998;Married;31;23292
1998;Married;32;23866
1998;Married;33;24122
1998;Married;34;24747
1998;Married;35;23973
1999;Unmarried;18;29309
1999;Unmarried;19;29529
1999;Unmarried;20;30435
1999;Unmarried;21;30312
1999;Unmarried;22;31139
1999;Unmarried;23;33578
1999;Unmarried;24;31472
1999;Unmarried;25;29467
1999;Unmarried;26;28554
1999;Unmarried;27;25621
1999;Unmarried;28;21530
1999;Unmarried;29;19088
1999;Unmarried;30;16938
1999;Unmarried;31;17001
1999;Unmarried;32;16515
1999;Unmarried;33;14609
1999;Unmarried;34;13065
1999;Unmarried;35;11936
1999;Married;18;295
1999;Married;19;720
1999;Married;20;1270
1999;Married;21;1799
1999;Married;22;2638
1999;Married;23;3800
1999;Married;24;5345
1999;Married;25;7182
1999;Married;26;9873
1999;Married;27;11776
1999;Married;28;14153
1999;Married;29;16026
1999;Married;30;19078
1999;Married;31;21494
1999;Married;32;24355
1999;Married;33;24747
1999;Married;34;24873
1999;Married;35;25389
2000;Unmarried;18;27462
2000;Unmarried;19;28853
2000;Unmarried;20;29353
2000;Unmarried;21;30430
2000;Unmarried;22;29989
2000;Unmarried;23;30396
2000;Unmarried;24;32404
2000;Unmarried;25;29768
2000;Unmarried;26;27514
2000;Unmarried;27;26247
2000;Unmarried;28;23369
2000;Unmarried;29;19520
2000;Unmarried;30;16761
2000;Unmarried;31;15633
2000;Unmarried;32;15717
2000;Unmarried;33;15263
2000;Unmarried;34;13589
2000;Unmarried;35;12221
2000;Married;18;289
2000;Married;19;758
2000;Married;20;1209
2000;Married;21;1882
2000;Married;22;2540
2000;Married;23;3570
2000;Married;24;5081
2000;Married;25;7040
2000;Married;26;9082
2000;Married;27;12018
2000;Married;28;13820
2000;Married;29;16027
2000;Married;30;18175
2000;Married;31;20194
2000;Married;32;22589
2000;Married;33;25350
2000;Married;34;25548
2000;Married;35;25465
2001;Unmarried;18;27186
2001;Unmarried;19;27026
2001;Unmarried;20;28549
2001;Unmarried;21;29401
2001;Unmarried;22;30052
2001;Unmarried;23;29203
2001;Unmarried;24;29244
2001;Unmarried;25;30537
2001;Unmarried;26;27776
2001;Unmarried;27;25218
2001;Unmarried;28;23731
2001;Unmarried;29;21088
2001;Unmarried;30;17275
2001;Unmarried;31;15286
2001;Unmarried;32;14319
2001;Unmarried;33;14517
2001;Unmarried;34;14158
2001;Unmarried;35;12675
2001;Married;18;247
2001;Married;19;711
2001;Married;20;1248
2001;Married;21;1754
2001;Married;22;2637
2001;Married;23;3442
2001;Married;24;4795
2001;Married;25;6956
2001;Married;26;8872
2001;Married;27;11269
2001;Married;28;14339
2001;Married;29;15857
2001;Married;30;18069
2001;Married;31;19373
2001;Married;32;21220
2001;Married;33;23540
2001;Married;34;26138
2001;Married;35;26178
2002;Unmarried;18;26609
2002;Unmarried;19;26868
2002;Unmarried;20;26866
2002;Unmarried;21;28676
2002;Unmarried;22;29202
2002;Unmarried;23;29483
2002;Unmarried;24;28235
2002;Unmarried;25;27816
2002;Unmarried;26;28729
2002;Unmarried;27;25759
2002;Unmarried;28;23002
2002;Unmarried;29;21514
2002;Unmarried;30;18700
2002;Unmarried;31;15878
2002;Unmarried;32;14086
2002;Unmarried;33;13270
2002;Unmarried;34;13532
2002;Unmarried;35;13252
2002;Married;18;207
2002;Married;19;596
2002;Married;20;1111
2002;Married;21;1827
2002;Married;22;2381
2002;Married;23;3456
2002;Married;24;4515
2002;Married;25;6239
2002;Married;26;8743
2002;Married;27;10848
2002;Married;28;13309
2002;Married;29;16348
2002;Married;30;18038
2002;Married;31;19243
2002;Married;32;20299
2002;Married;33;21921
2002;Married;34;24265
2002;Married;35;26738
2003;Unmarried;18;27109
2003;Unmarried;19;26352
2003;Unmarried;20;26766
2003;Unmarried;21;26987
2003;Unmarried;22;28503
2003;Unmarried;23;28686
2003;Unmarried;24;28534
2003;Unmarried;25;26878
2003;Unmarried;26;26092
2003;Unmarried;27;26526
2003;Unmarried;28;23581
2003;Unmarried;29;20851
2003;Unmarried;30;19034
2003;Unmarried;31;17106
2003;Unmarried;32;14581
2003;Unmarried;33;12998
2003;Unmarried;34;12318
2003;Unmarried;35;12636
2003;Married;18;164
2003;Married;19;506
2003;Married;20;987
2003;Married;21;1582
2003;Married;22;2406
2003;Married;23;3082
2003;Married;24;4485
2003;Married;25;5907
2003;Married;26;7943
2003;Married;27;10777
2003;Married;28;12974
2003;Married;29;15262
2003;Married;30;18634
2003;Married;31;19351
2003;Married;32;20268
2003;Married;33;21124
2003;Married;34;22505
2003;Married;35;24841
2004;Unmarried;18;28293
2004;Unmarried;19;26925
2004;Unmarried;20;26372
2004;Unmarried;21;26976
2004;Unmarried;22;26940
2004;Unmarried;23;28089
2004;Unmarried;24;27864
2004;Unmarried;25;27239
2004;Unmarried;26;25345
2004;Unmarried;27;24230
2004;Unmarried;28;24440
2004;Unmarried;29;21437
2004;Unmarried;30;18488
2004;Unmarried;31;17293
2004;Unmarried;32;15685
2004;Unmarried;33;13402
2004;Unmarried;34;12077
2004;Unmarried;35;11512
2004;Married;18;86
2004;Married;19;326
2004;Married;20;692
2004;Married;21;1279
2004;Married;22;1936
2004;Married;23;2951
2004;Married;24;3890
2004;Married;25;5652
2004;Married;26;7375
2004;Married;27;9625
2004;Married;28;12705
2004;Married;29;14842
2004;Married;30;17376
2004;Married;31;19992
2004;Married;32;20390
2004;Married;33;21095
2004;Married;34;21732
2004;Married;35;22976
2005;Unmarried;18;28845
2005;Unmarried;19;28023
2005;Unmarried;20;26966
2005;Unmarried;21;26760
2005;Unmarried;22;27000
2005;Unmarried;23;26570
2005;Unmarried;24;27249
2005;Unmarried;25;26509
2005;Unmarried;26;25581
2005;Unmarried;27;23471
2005;Unmarried;28;22090
2005;Unmarried;29;21985
2005;Unmarried;30;18954
2005;Unmarried;31;16715
2005;Unmarried;32;15735
2005;Unmarried;33;14364
2005;Unmarried;34;12347
2005;Unmarried;35;11119
2005;Married;18;76
2005;Married;19;223
2005;Married;20;498
2005;Married;21;959
2005;Married;22;1629
2005;Married;23;2476
2005;Married;24;3777
2005;Married;25;5155
2005;Married;26;7215
2005;Married;27;9093
2005;Married;28;11540
2005;Married;29;14879
2005;Married;30;17048
2005;Married;31;18787
2005;Married;32;21210
2005;Married;33;21338
2005;Married;34;21831
2005;Married;35;22376
2006;Unmarried;18;29108
2006;Unmarried;19;28652
2006;Unmarried;20;28227
2006;Unmarried;21;27384
2006;Unmarried;22;26832
2006;Unmarried;23;26749
2006;Unmarried;24;25887
2006;Unmarried;25;26081
2006;Unmarried;26;25186
2006;Unmarried;27;23873
2006;Unmarried;28;21452
2006;Unmarried;29;19885
2006;Unmarried;30;19536
2006;Unmarried;31;17164
2006;Unmarried;32;15310
2006;Unmarried;33;14460
2006;Unmarried;34;13279
2006;Unmarried;35;11482
2006;Married;18;52
2006;Married;19;206
2006;Married;20;394
2006;Married;21;770
2006;Married;22;1393
2006;Married;23;2164
2006;Married;24;3309
2006;Married;25;5034
2006;Married;26;6596
2006;Married;27;8959
2006;Married;28;11023
2006;Married;29;13585
2006;Married;30;17079
2006;Married;31;18529
2006;Married;32;19885
2006;Married;33;22124
2006;Married;34;22122
2006;Married;35;22382
2007;Unmarried;18;30464
2007;Unmarried;19;29037
2007;Unmarried;20;28992
2007;Unmarried;21;28681
2007;Unmarried;22;27479
2007;Unmarried;23;26685
2007;Unmarried;24;26077
2007;Unmarried;25;24893
2007;Unmarried;26;24611
2007;Unmarried;27;23476
2007;Unmarried;28;21884
2007;Unmarried;29;19372
2007;Unmarried;30;17654
2007;Unmarried;31;17731
2007;Unmarried;32;15685
2007;Unmarried;33;14061
2007;Unmarried;34;13348
2007;Unmarried;35;12332
2007;Married;18;62
2007;Married;19;173
2007;Married;20;411
2007;Married;21;679
2007;Married;22;1221
2007;Married;23;1919
2007;Married;24;3091
2007;Married;25;4534
2007;Married;26;6591
2007;Married;27;8342
2007;Married;28;10828
2007;Married;29;12990
2007;Married;30;15689
2007;Married;31;18603
2007;Married;32;19788
2007;Married;33;20930
2007;Married;34;22981
2007;Married;35;22867
2008;Unmarried;18;31790
2008;Unmarried;19;30592
2008;Unmarried;20;29623
2008;Unmarried;21;29591
2008;Unmarried;22;28949
2008;Unmarried;23;27425
2008;Unmarried;24;26139
2008;Unmarried;25;25191
2008;Unmarried;26;23701
2008;Unmarried;27;23007
2008;Unmarried;28;21549
2008;Unmarried;29;19849
2008;Unmarried;30;17289
2008;Unmarried;31;15994
2008;Unmarried;32;16138
2008;Unmarried;33;14320
2008;Unmarried;34;13005
2008;Unmarried;35;12391
2008;Married;18;59
2008;Married;19;212
2008;Married;20;393
2008;Married;21;739
2008;Married;22;1158
2008;Married;23;1893
2008;Married;24;2932
2008;Married;25;4458
2008;Married;26;6045
2008;Married;27;8511
2008;Married;28;10454
2008;Married;29;12960
2008;Married;30;15151
2008;Married;31;17292
2008;Married;32;20146
2008;Married;33;21028
2008;Married;34;21846
2008;Married;35;23665
2009;Unmarried;18;32871
2009;Unmarried;19;32085
2009;Unmarried;20;31151
2009;Unmarried;21;30138
2009;Unmarried;22;29815
2009;Unmarried;23;28872
2009;Unmarried;24;26938
2009;Unmarried;25;25295
2009;Unmarried;26;23948
2009;Unmarried;27;22146
2009;Unmarried;28;21232
2009;Unmarried;29;19620
2009;Unmarried;30;17665
2009;Unmarried;31;15642
2009;Unmarried;32;14499
2009;Unmarried;33;14796
2009;Unmarried;34;13125
2009;Unmarried;35;12054
2009;Married;18;67
2009;Married;19;197
2009;Married;20;439
2009;Married;21;771
2009;Married;22;1265
2009;Married;23;1922
2009;Married;24;3019
2009;Married;25;4298
2009;Married;26;6111
2009;Married;27;7908
2009;Married;28;10548
2009;Married;29;12485
2009;Married;30;15224
2009;Married;31;16743
2009;Married;32;18707
2009;Married;33;21399
2009;Married;34;22144
2009;Married;35;22655
2010;Unmarried;18;33172
2010;Unmarried;19;33128
2010;Unmarried;20;32492
2010;Unmarried;21;31760
2010;Unmarried;22;30191
2010;Unmarried;23;29549
2010;Unmarried;24;28048
2010;Unmarried;25;25823
2010;Unmarried;26;23930
2010;Unmarried;27;22282
2010;Unmarried;28;20539
2010;Unmarried;29;19376
2010;Unmarried;30;17534
2010;Unmarried;31;16057
2010;Unmarried;32;14275
2010;Unmarried;33;13397
2010;Unmarried;34;13760
2010;Unmarried;35;12218
2010;Married;18;63
2010;Married;19;219
2010;Married;20;449
2010;Married;21;819
2010;Married;22;1333
2010;Married;23;2015
2010;Married;24;3014
2010;Married;25;4314
2010;Married;26;5816
2010;Married;27;7813
2010;Married;28;9588
2010;Married;29;12419
2010;Married;30;14580
2010;Married;31;16631
2010;Married;32;17963
2010;Married;33;19662
2010;Married;34;22243
2010;Married;35;22720
2011;Unmarried;18;34645
2011;Unmarried;19;33547
2011;Unmarried;20;33611
2011;Unmarried;21;32964
2011;Unmarried;22;31771
2011;Unmarried;23;30029
2011;Unmarried;24;29012
2011;Unmarried;25;26996
2011;Unmarried;26;24520
2011;Unmarried;27;22536
2011;Unmarried;28;20682
2011;Unmarried;29;18892
2011;Unmarried;30;17489
2011;Unmarried;31;16000
2011;Unmarried;32;14705
2011;Unmarried;33;13224
2011;Unmarried;34;12458
2011;Unmarried;35;12903
2011;Married;18;45
2011;Married;19;166
2011;Married;20;409
2011;Married;21;809
2011;Married;22;1331
2011;Married;23;2046
2011;Married;24;3039
2011;Married;25;4403
2011;Married;26;5835
2011;Married;27;7456
2011;Married;28;9484
2011;Married;29;11285
2011;Married;30;14197
2011;Married;31;15969
2011;Married;32;17767
2011;Married;33;18882
2011;Married;34;20403
2011;Married;35;22826
2012;Unmarried;18;34467
2012;Unmarried;19;35071
2012;Unmarried;20;34386
2012;Unmarried;21;34463
2012;Unmarried;22;33233
2012;Unmarried;23;31674
2012;Unmarried;24;29350
2012;Unmarried;25;27960
2012;Unmarried;26;25845
2012;Unmarried;27;23198
2012;Unmarried;28;20971
2012;Unmarried;29;19120
2012;Unmarried;30;17183
2012;Unmarried;31;16166
2012;Unmarried;32;14838
2012;Unmarried;33;13649
2012;Unmarried;34;12416
2012;Unmarried;35;11800
2012;Married;18;44
2012;Married;19;134
2012;Married;20;336
2012;Married;21;713
2012;Married;22;1204
2012;Married;23;1922
2012;Married;24;2939
2012;Married;25;4173
2012;Married;26;5663
2012;Married;27;7200
2012;Married;28;8949
2012;Married;29;10909
2012;Married;30;12731
2012;Married;31;15327
2012;Married;32;16874
2012;Married;33;18514
2012;Married;34;19459
2012;Married;35;20763
2013;Unmarried;18;35873
2013;Unmarried;19;34903
2013;Unmarried;20;35699
2013;Unmarried;21;34799
2013;Unmarried;22;34530
2013;Unmarried;23;33251
2013;Unmarried;24;31251
2013;Unmarried;25;28564
2013;Unmarried;26;26865
2013;Unmarried;27;24517
2013;Unmarried;28;21712
2013;Unmarried;29;19407
2013;Unmarried;30;17429
2013;Unmarried;31;15822
2013;Unmarried;32;15037
2013;Unmarried;33;13852
2013;Unmarried;34;12881
2013;Unmarried;35;11691
2013;Married;18;45
2013;Married;19;140
2013;Married;20;313
2013;Married;21;624
2013;Married;22;1104
2013;Married;23;1795
2013;Married;24;2810
2013;Married;25;4094
2013;Married;26;5423
2013;Married;27;7064
2013;Married;28;8662
2013;Married;29;10376
2013;Married;30;12401
2013;Married;31;13844
2013;Married;32;16198
2013;Married;33;17589
2013;Married;34;19011
2013;Married;35;19851
2014;Unmarried;18;35532
2014;Unmarried;19;36379
2014;Unmarried;20;35505
2014;Unmarried;21;36331
2014;Unmarried;22;34843
2014;Unmarried;23;34555
2014;Unmarried;24;32727
2014;Unmarried;25;30310
2014;Unmarried;26;27468
2014;Unmarried;27;25517
2014;Unmarried;28;23040
2014;Unmarried;29;20145
2014;Unmarried;30;17819
2014;Unmarried;31;16239
2014;Unmarried;32;14759
2014;Unmarried;33;14153
2014;Unmarried;34;13062
2014;Unmarried;35;12221
2014;Married;18;38
2014;Married;19;135
2014;Married;20;319
2014;Married;21;597
2014;Married;22;1017
2014;Married;23;1670
2014;Married;24;2661
2014;Married;25;4025
2014;Married;26;5397
2014;Married;27;6855
2014;Married;28;8574
2014;Married;29;10112
2014;Married;30;11822
2014;Married;31;13403
2014;Married;32;14692
2014;Married;33;16804
2014;Married;34;18132
2014;Married;35;19341
2015;Unmarried;18;34496
2015;Unmarried;19;36004
2015;Unmarried;20;36899
2015;Unmarried;21;35998
2015;Unmarried;22;36351
2015;Unmarried;23;34821
2015;Unmarried;24;34085
2015;Unmarried;25;31695
2015;Unmarried;26;29075
2015;Unmarried;27;25981
2015;Unmarried;28;23879
2015;Unmarried;29;21476
2015;Unmarried;30;18511
2015;Unmarried;31;16525
2015;Unmarried;32;15148
2015;Unmarried;33;13900
2015;Unmarried;34;13338
2015;Unmarried;35;12405
2015;Married;18;44
2015;Married;19;151
2015;Married;20;315
2015;Married;21;599
2015;Married;22;1013
2015;Married;23;1655
2015;Married;24;2605
2015;Married;25;3968
2015;Married;26;5392
2015;Married;27;6963
2015;Married;28;8384
2015;Married;29;10100
2015;Married;30;11552
2015;Married;31;12941
2015;Married;32;14247
2015;Married;33;15411
2015;Married;34;17317
2015;Married;35;18449
2016;Unmarried;18;34523
2016;Unmarried;19;35073
2016;Unmarried;20;37044
2016;Unmarried;21;37745
2016;Unmarried;22;36297
2016;Unmarried;23;36491
2016;Unmarried;24;34561
2016;Unmarried;25;33260
2016;Unmarried;26;30619
2016;Unmarried;27;27775
2016;Unmarried;28;24414
2016;Unmarried;29;22344
2016;Unmarried;30;19818
2016;Unmarried;31;17284
2016;Unmarried;32;15469
2016;Unmarried;33;14322
2016;Unmarried;34;13141
2016;Unmarried;35;12679
2016;Married;18;63
2016;Married;19;159
2016;Married;20;360
2016;Married;21;650
2016;Married;22;1085
2016;Married;23;1735
2016;Married;24;2720
2016;Married;25;4011
2016;Married;26;5508
2016;Married;27;7007
2016;Married;28;8773
2016;Married;29;10101
2016;Married;30;11903
2016;Married;31;12894
2016;Married;32;13980
2016;Married;33;15075
2016;Married;34;16147
2016;Married;35;17922
2017;Unmarried;18;33997
2017;Unmarried;19;35072
2017;Unmarried;20;35934
2017;Unmarried;21;37534
2017;Unmarried;22;37969
2017;Unmarried;23;36369
2017;Unmarried;24;36058
2017;Unmarried;25;33682
2017;Unmarried;26;31878
2017;Unmarried;27;29118
2017;Unmarried;28;26138
2017;Unmarried;29;22711
2017;Unmarried;30;20556
2017;Unmarried;31;18404
2017;Unmarried;32;16204
2017;Unmarried;33;14535
2017;Unmarried;34;13512
2017;Unmarried;35;12402
2017;Married;18;48
2017;Married;19;182
2017;Married;20;385
2017;Married;21;715
2017;Married;22;1159
2017;Married;23;1834
2017;Married;24;2776
2017;Married;25;4081
2017;Married;26;5635
2017;Married;27;7255
2017;Married;28;8869
2017;Married;29;10469
2017;Married;30;11936
2017;Married;31;13301
2017;Married;32;13889
2017;Married;33;14855
2017;Married;34;15800
2017;Married;35;16743
2018;Unmarried;18;34075
2018;Unmarried;19;34471
2018;Unmarried;20;36033
2018;Unmarried;21;36642
2018;Unmarried;22;37727
2018;Unmarried;23;38048
2018;Unmarried;24;36029
2018;Unmarried;25;34976
2018;Unmarried;26;32370
2018;Unmarried;27;30348
2018;Unmarried;28;27394
2018;Unmarried;29;24234
2018;Unmarried;30;20798
2018;Unmarried;31;18995
2018;Unmarried;32;17102
2018;Unmarried;33;15171
2018;Unmarried;34;13681
2018;Unmarried;35;12793
2018;Married;18;39
2018;Married;19;120
2018;Married;20;355
2018;Married;21;628
2018;Married;22;1155
2018;Married;23;1755
2018;Married;24;2795
2018;Married;25;4194
2018;Married;26;5581
2018;Married;27;7344
2018;Married;28;8997
2018;Married;29;10814
2018;Married;30;12335
2018;Married;31;13357
2018;Married;32;14592
2018;Married;33;14819
2018;Married;34;15597
2018;Married;35;16463
2019;Unmarried;18;34461
2019;Unmarried;19;34494
2019;Unmarried;20;35170
2019;Unmarried;21;36402
2019;Unmarried;22;36738
2019;Unmarried;23;37624
2019;Unmarried;24;37559
2019;Unmarried;25;34965
2019;Unmarried;26;33454
2019;Unmarried;27;30654
2019;Unmarried;28;28482
2019;Unmarried;29;25508
2019;Unmarried;30;22075
2019;Unmarried;31;19198
2019;Unmarried;32;17651
2019;Unmarried;33;16020
2019;Unmarried;34;14168
2019;Unmarried;35;12839
2019;Married;18;32
2019;Married;19;117
2019;Married;20;288
2019;Married;21;600
2019;Married;22;1027
2019;Married;23;1759
2019;Married;24;2717
2019;Married;25;4037
2019;Married;26;5772
2019;Married;27;7337
2019;Married;28;9243
2019;Married;29;10868
2019;Married;30;12850
2019;Married;31;13781
2019;Married;32;14627
2019;Married;33;15524
2019;Married;34;15672
2019;Married;35;16227
2020;Unmarried;18;33595
2020;Unmarried;19;34878
2020;Unmarried;20;35066
2020;Unmarried;21;35560
2020;Unmarried;22;36399
2020;Unmarried;23;36597
2020;Unmarried;24;37097
2020;Unmarried;25;36413
2020;Unmarried;26;33485
2020;Unmarried;27;31566
2020;Unmarried;28;28688
2020;Unmarried;29;26386
2020;Unmarried;30;23404
2020;Unmarried;31;20364
2020;Unmarried;32;17765
2020;Unmarried;33;16398
2020;Unmarried;34;15009
2020;Unmarried;35;13316
2020;Married;18;19
2020;Married;19;102
2020;Married;20;223
2020;Married;21;505
2020;Married;22;958
2020;Married;23;1535
2020;Married;24;2588
2020;Married;25;3842
2020;Married;26;5328
2020;Married;27;7516
2020;Married;28;9183
2020;Married;29;11185
2020;Married;30;12866
2020;Married;31;14291
2020;Married;32;15008
2020;Married;33;15709
2020;Married;34;16400
2020;Married;35;16417
2021;Unmarried;18;32882
2021;Unmarried;19;33947
2021;Unmarried;20;35335
2021;Unmarried;21;35237
2021;Unmarried;22;35554
2021;Unmarried;23;36397
2021;Unmarried;24;36067
2021;Unmarried;25;35981
2021;Unmarried;26;34924
2021;Unmarried;27;31753
2021;Unmarried;28;29648
2021;Unmarried;29;26736
2021;Unmarried;30;24323
2021;Unmarried;31;21799
2021;Unmarried;32;18993
2021;Unmarried;33;16697
2021;Unmarried;34;15542
2021;Unmarried;35;14225
2021;Married;18;14
2021;Married;19;68
2021;Married;20;194
2021;Married;21;422
2021;Married;22;768
2021;Married;23;1397
2021;Married;24;2234
2021;Married;25;3579
2021;Married;26;5089
2021;Married;27;6774
2021;Married;28;9149
2021;Married;29;10778
2021;Married;30;12872
2021;Married;31;14119
2021;Married;32;15317
2021;Married;33;15809
2021;Married;34;16371
2021;Married;35;16945
2022;Unmarried;18;33544
2022;Unmarried;19;33555
2022;Unmarried;20;34706
2022;Unmarried;21;36142
2022;Unmarried;22;35842
2022;Unmarried;23;36013
2022;Unmarried;24;36180
2022;Unmarried;25;35423
2022;Unmarried;26;34825
2022;Unmarried;27;33502
2022;Unmarried;28;30178
2022;Unmarried;29;27965
2022;Unmarried;30;24897
2022;Unmarried;31;22811
2022;Unmarried;32;20544
2022;Unmarried;33;18020
2022;Unmarried;34;15871
2022;Unmarried;35;14838
2022;Married;18;15
2022;Married;19;61
2022;Married;20;196
2022;Married;21;425
2022;Married;22;726
2022;Married;23;1222
2022;Married;24;2094
2022;Married;25;3134
2022;Married;26;4785
2022;Married;27;6645
2022;Married;28;8395
2022;Married;29;10828
2022;Married;30;12475
2022;Married;31;14224
2022;Married;32;15287
2022;Married;33;16198
2022;Married;34;16552
2022;Married;35;17055
2023;Unmarried;18;34014
2023;Unmarried;19;34173
2023;Unmarried;20;34443
2023;Unmarried;21;35650
2023;Unmarried;22;36857
2023;Unmarried;23;36352
2023;Unmarried;24;36130
2023;Unmarried;25;35831
2023;Unmarried;26;34576
2023;Unmarried;27;33547
2023;Unmarried;28;31882
2023;Unmarried;29;28458
2023;Unmarried;30;26207
2023;Unmarried;31;23503
2023;Unmarried;32;21592
2023;Unmarried;33;19553
2023;Unmarried;34;17192
2023;Unmarried;35;15187
2023;Married;18;14
2023;Married;19;66
2023;Married;20;189
2023;Married;21;426
2023;Married;22;800
2023;Married;23;1267
2023;Married;24;1961
2023;Married;25;3192
2023;Married;26;4536
2023;Married;27;6609
2023;Married;28;8719
2023;Married;29;10586
2023;Married;30;13025
2023;Married;31;14328
2023;Married;32;15863
2023;Married;33;16780
2023;Married;34;17451
2023;Married;35;17649
2024;Unmarried;18;34236
2024;Unmarried;19;34421
2024;Unmarried;20;34923
2024;Unmarried;21;35149
2024;Unmarried;22;35975
2024;Unmarried;23;37211
2024;Unmarried;24;36243
2024;Unmarried;25;35415
2024;Unmarried;26;34883
2024;Unmarried;27;33229
2024;Unmarried;28;31800
2024;Unmarried;29;30119
2024;Unmarried;30;26449
2024;Unmarried;31;24540
2024;Unmarried;32;22023
2024;Unmarried;33;20318
2024;Unmarried;34;18434
2024;Unmarried;35;16259
2024;Married;18;16
2024;Married;19;73
2024;Married;20;225
2024;Married;21;587
2024;Married;22;866
2024;Married;23;1342
2024;Married;24;1971
2024;Married;25;2971
2024;Married;26;4439
2024;Married;27;6087
2024;Married;28;8559
2024;Married;29;10595
2024;Married;30;12569
2024;Married;31;14722
2024;Married;32;15826
2024;Married;33;17053
2024;Married;34;17798
2024;Married;35;18288
2025;Unmarried;18;34643
2025;Unmarried;19;34685
2025;Unmarried;20;35186
2025;Unmarried;21;35560
2025;Unmarried;22;35526
2025;Unmarried;23;36312
2025;Unmarried;24;37217
2025;Unmarried;25;35718
2025;Unmarried;26;34483
2025;Unmarried;27;33457
2025;Unmarried;28;31594
2025;Unmarried;29;29849
2025;Unmarried;30;28027
2025;Unmarried;31;24780
2025;Unmarried;32;22874
2025;Unmarried;33;20674
2025;Unmarried;34;19152
2025;Unmarried;35;17387
2025;Married;18;14
2025;Married;19;91
2025;Married;20;287
2025;Married;21;694
2025;Married;22;1109
2025;Married;23;1512
2025;Married;24;2132
2025;Married;25;3029
2025;Married;26;4326
2025;Married;27;6008
2025;Married;28;7959
2025;Married;29;10613
2025;Married;30;12838
2025;Married;31;14333
2025;Married;32;16407
2025;Married;33;17179
2025;Married;34;18211
2025;Married;35;18837